INSERT INTO CSOPORT1.SERIES (ID, DESCRIPTION, PATH_OF_PHOTO, TITLE, DATE_OF_RELEASE) VALUES (1, 'Rachel Green, Ross Geller, Monica Geller, Joey Tribbiani, Chandler Bing and Phoebe Buffay are all friends, living off of one another in the heart of New York City.' , '/path/resources/series/friends.jpg', 'Friends', '1994-09-22')
INSERT INTO CSOPORT1.ACTOR (ID, DATE_OF_BIRTH, "NAME", OFFICIAL_WEBSITE, PATH_OF_PHOTO, PLACE_OF_BIRTH, SEX) VALUES (1, '1969-08-19', 'Matthew Perry', 'http://www.imdb.com/', '/path/resources/actors/MatthewPerry.jpg', 'USA', 1)
INSERT INTO CSOPORT1.ACTOR (ID, DATE_OF_BIRTH, "NAME", OFFICIAL_WEBSITE, PATH_OF_PHOTO, PLACE_OF_BIRTH, SEX) VALUES (2, '1967-07-25', 'Matt LeBlanc', 'http://www.imdb.com/', '/path/resources/actors/MattLeBlanc.jpg', 'USA', 1)
INSERT INTO CSOPORT1.ACTOR (ID, DATE_OF_BIRTH, "NAME", OFFICIAL_WEBSITE, PATH_OF_PHOTO, PLACE_OF_BIRTH, SEX)	VALUES (3, '1964-06-15', 'Courteney Cox', 'http://www.imdb.com/', '/path/resources/actors/CourteneyCox.jpg', 'USA', 1)
INSERT INTO CSOPORT1.ACTOR (ID, DATE_OF_BIRTH, "NAME", OFFICIAL_WEBSITE, PATH_OF_PHOTO, PLACE_OF_BIRTH, SEX) 	VALUES (4, '1963-07-30', 'Lisa Kudrow', 'http://www.imdb.com/', '/path/resources/actors/LisaKudrow.jpg', 'USA', 0)
INSERT INTO CSOPORT1.ACTOR (ID, DATE_OF_BIRTH, "NAME", OFFICIAL_WEBSITE, PATH_OF_PHOTO, PLACE_OF_BIRTH, SEX) 	VALUES (5, '1969-02-11', 'Jennifer Aniston', 'http://www.imdb.com/', '/path/resources/actors/JenniferAniston.jpg', 'USA', 0)
INSERT INTO CSOPORT1.ACTOR (ID, DATE_OF_BIRTH, "NAME", OFFICIAL_WEBSITE, PATH_OF_PHOTO, PLACE_OF_BIRTH, SEX) 	VALUES (6, '1966-11-02', 'David Schwimmer', 'http://www.imdb.com/', '/path/resources/actors/DavidSchwimmer.jpg', 'USA', 1)
INSERT INTO CSOPORT1.SERIES_ACTOR (SERIES_ID, ACTOR_ID) 	VALUES (1, 1)
INSERT INTO CSOPORT1.SERIES_ACTOR (SERIES_ID, ACTOR_ID) 	VALUES (1, 2)
INSERT INTO CSOPORT1.SERIES_ACTOR (SERIES_ID, ACTOR_ID) 	VALUES (1, 3)
INSERT INTO CSOPORT1.SERIES_ACTOR (SERIES_ID, ACTOR_ID) 	VALUES (1, 4)
INSERT INTO CSOPORT1.SERIES_ACTOR (SERIES_ID, ACTOR_ID) 	VALUES (1, 5)
INSERT INTO CSOPORT1.SERIES_ACTOR (SERIES_ID, ACTOR_ID) 	VALUES (1, 6)
INSERT INTO CSOPORT1.DIRECTOR (ID, DATE_OF_BIRTH, "NAME", ORIGINAL_NAME, PATH_OF_PHOTO, SEX) 	VALUES (1, '1957-08-13', 'David Crane', NULL, '/path/resources/directors/DavidCrane.jpg', 1)
INSERT INTO CSOPORT1.DIRECTOR (ID, DATE_OF_BIRTH, "NAME", ORIGINAL_NAME, PATH_OF_PHOTO, SEX) 	VALUES (2, '1956-09-21', 'Marta Kauffman', NULL, '/path/resources/directors/MartaKauffman.jpg', 0)
INSERT INTO CSOPORT1.MOVIE_DIRECTOR (MOVIE_ID, DIRECTOR_ID) 	VALUES (1, 1)
INSERT INTO CSOPORT1.MOVIE_DIRECTOR (MOVIE_ID, DIRECTOR_ID) 	VALUES (1, 2)
INSERT INTO CSOPORT1.SEASON (ID, DATE_OF_RELEASE, LINK_OF_PROMO_VIDEO, SERIAL_NUMBER, TITLE, SERIES_ID) 	VALUES (1, '1994-09-22', 'https://www.youtube.com/v/uE-1RPDqJAY', '1', 'Season 1', 1)
INSERT INTO CSOPORT1.SEASON (ID, DATE_OF_RELEASE, LINK_OF_PROMO_VIDEO, SERIAL_NUMBER, TITLE, SERIES_ID) 	VALUES (2, '1995-09-28', 'https://www.youtube.com/v/uE-1RPDqJAY', '2', 'Season 2', 1)
INSERT INTO CSOPORT1.SEASON (ID, DATE_OF_RELEASE, LINK_OF_PROMO_VIDEO, SERIAL_NUMBER, TITLE, SERIES_ID) 	VALUES (3, '1996-09-16', 'https://www.youtube.com/watch?v=E9SFstXn7YU', '3', 'Season 3', 1)
INSERT INTO CSOPORT1.SEASON (ID, DATE_OF_RELEASE, LINK_OF_PROMO_VIDEO, SERIAL_NUMBER, TITLE, SERIES_ID) VALUES (4, '1997-09-25', 'https://www.youtube.com/watch?v=E9SFstXn7YU', '4', 'Season 4', 1)
INSERT INTO CSOPORT1.SEASON (ID, DATE_OF_RELEASE, LINK_OF_PROMO_VIDEO, SERIAL_NUMBER, TITLE, SERIES_ID) 	VALUES (5, '1998-09-24', 'https://www.youtube.com/watch?v=E9SFstXn7YU', '5', 'Season 5', 1)
INSERT INTO CSOPORT1.SEASON (ID, DATE_OF_RELEASE, LINK_OF_PROMO_VIDEO, SERIAL_NUMBER, TITLE, SERIES_ID) 	VALUES (6, '1999-09-23', 'https://www.youtube.com/watch?v=E9SFstXn7YU', '6', 'Season 6', 1)
INSERT INTO CSOPORT1.SEASON (ID, DATE_OF_RELEASE, LINK_OF_PROMO_VIDEO, SERIAL_NUMBER, TITLE, SERIES_ID) 	VALUES (7, '2000-10-12', 'https://www.youtube.com/watch?v=E9SFstXn7YU', '7', 'Season 7', 1)
INSERT INTO CSOPORT1.SEASON (ID, DATE_OF_RELEASE, LINK_OF_PROMO_VIDEO, SERIAL_NUMBER, TITLE, SERIES_ID) 	VALUES (8, '2001-09-27', 'https://www.youtube.com/watch?v=E9SFstXn7YU', '8', 'Season 8', 1)
INSERT INTO CSOPORT1.SEASON (ID, DATE_OF_RELEASE, LINK_OF_PROMO_VIDEO, SERIAL_NUMBER, TITLE, SERIES_ID) 	VALUES (9, '2002-09-26', 'https://www.youtube.com/watch?v=E9SFstXn7YU', '9', 'Season 9', 1)
INSERT INTO CSOPORT1.SEASON (ID, DATE_OF_RELEASE, LINK_OF_PROMO_VIDEO, SERIAL_NUMBER, TITLE, SERIES_ID) VALUES (10, '2003-09-25', 'https://www.youtube.com/watch?v=E9SFstXn7YU', '10', 'Season 10', 1)
INSERT INTO CSOPORT1.EPISODE (ID, DATE_OF_RELEASE, SERIAL_NUMBER, TITLE, SEASON_ID) 	VALUES (101, '1994-09-22', '1', '"The Pilot', 1)
INSERT INTO CSOPORT1.EPISODE (ID, DATE_OF_RELEASE, SERIAL_NUMBER, TITLE, SEASON_ID) 	VALUES (102, '1994-09-29', '2', '"The One with the Sonogram at the End"', 1)
INSERT INTO CSOPORT1.EPISODE (ID, DATE_OF_RELEASE, SERIAL_NUMBER, TITLE, SEASON_ID) 	VALUES (103, '1994-10-06', '3', '"The One with the Thumb"', 1)
INSERT INTO CSOPORT1.EPISODE (ID, DATE_OF_RELEASE, SERIAL_NUMBER, TITLE, SEASON_ID) 	VALUES (104, '1994-10-13', '4', '"The One with George Stephanopoulos"', 1)
INSERT INTO CSOPORT1.EPISODE (ID, DATE_OF_RELEASE, SERIAL_NUMBER, TITLE, SEASON_ID) 	VALUES (105, '1994-10-20', '5', '"The One with the East German Laundry Detergent"', 1)
INSERT INTO CSOPORT1.EPISODE (ID, DATE_OF_RELEASE, SERIAL_NUMBER, TITLE, SEASON_ID) 	VALUES (106, '1994-10-27', '6', '"The One with the Butt"', 1)
INSERT INTO CSOPORT1.EPISODE (ID, DATE_OF_RELEASE, SERIAL_NUMBER, TITLE, SEASON_ID) 	VALUES (107, '1994-11-03', '7', '"The One with the Blackout"', 1)
INSERT INTO CSOPORT1.EPISODE (ID, DATE_OF_RELEASE, SERIAL_NUMBER, TITLE, SEASON_ID) 	VALUES (108, '1994-11-10', '8', '"The One Where Nana Dies Twice"', 1)
INSERT INTO CSOPORT1.EPISODE (ID, DATE_OF_RELEASE, SERIAL_NUMBER, TITLE, SEASON_ID) 	VALUES (109, '1994-11-17', '9', '"The One Where Underdog Gets Away"', 1)
INSERT INTO CSOPORT1.EPISODE (ID, DATE_OF_RELEASE, SERIAL_NUMBER, TITLE, SEASON_ID) 	VALUES (110, '1994-12-15', '10', '"The One with the Monkey"', 1)
INSERT INTO CSOPORT1.EPISODE (ID, DATE_OF_RELEASE, SERIAL_NUMBER, TITLE, SEASON_ID) 	VALUES (111, '1995-01-05', '11', '"The One with Mrs. Bing"', 1)
INSERT INTO CSOPORT1.EPISODE (ID, DATE_OF_RELEASE, SERIAL_NUMBER, TITLE, SEASON_ID) 	VALUES (112, '1995-01-12', '12', '"The One with the Dozen Lasagnas"', 1)
INSERT INTO CSOPORT1.EPISODE (ID, DATE_OF_RELEASE, SERIAL_NUMBER, TITLE, SEASON_ID) 	VALUES (113, '1995-01-19', '13', '"The One with the Boobies"', 1)
INSERT INTO CSOPORT1.EPISODE (ID, DATE_OF_RELEASE, SERIAL_NUMBER, TITLE, SEASON_ID) 	VALUES (114, '1995-02-09', '14', '"The One with the Candy Hearts"', 1)
INSERT INTO CSOPORT1.EPISODE (ID, DATE_OF_RELEASE, SERIAL_NUMBER, TITLE, SEASON_ID) 	VALUES (115, '1995-02-16', '15', '"The One with the Stoned Guy"', 1)
INSERT INTO CSOPORT1.EPISODE (ID, DATE_OF_RELEASE, SERIAL_NUMBER, TITLE, SEASON_ID) 	VALUES (116, '1995-02-23', '16', '"The One with Two Parts"', 1)
INSERT INTO CSOPORT1.EPISODE (ID, DATE_OF_RELEASE, SERIAL_NUMBER, TITLE, SEASON_ID) 	VALUES (117, '1995-03-02', '17', '"The One with All the Poker"', 1)
INSERT INTO CSOPORT1.EPISODE (ID, DATE_OF_RELEASE, SERIAL_NUMBER, TITLE, SEASON_ID) 	VALUES (118, '1995-03-09', '18', '"The One Where the Monkey Gets Away"', 1)
INSERT INTO CSOPORT1.EPISODE (ID, DATE_OF_RELEASE, SERIAL_NUMBER, TITLE, SEASON_ID) 	VALUES (119, '1995-04-06', '19', '"The One with the Evil Orthodontist"', 1)
INSERT INTO CSOPORT1.EPISODE (ID, DATE_OF_RELEASE, SERIAL_NUMBER, TITLE, SEASON_ID) 	VALUES (120, '1995-04-27', '20', '"The One with the Fake Monica"', 1)
INSERT INTO CSOPORT1.EPISODE (ID, DATE_OF_RELEASE, SERIAL_NUMBER, TITLE, SEASON_ID) 	VALUES (121, '1995-05-19', '21', '"The One with the Ick Factor"', 1)
INSERT INTO CSOPORT1.EPISODE (ID, DATE_OF_RELEASE, SERIAL_NUMBER, TITLE, SEASON_ID) 	VALUES (122, '1995-05-11', '22', '"The One with the Birth"', 1)
INSERT INTO CSOPORT1.EPISODE (ID, DATE_OF_RELEASE, SERIAL_NUMBER, TITLE, SEASON_ID) 	VALUES (123, '1995-05-18', '23', '"The One Where Rachel Finds Out"', 1)
INSERT INTO CSOPORT1.EPISODE (ID, DATE_OF_RELEASE, SERIAL_NUMBER, TITLE, SEASON_ID) 	VALUES (146, '1995-09-21', '1', '"The One with Ross''s New Girlfriend"', NULL)
INSERT INTO CSOPORT1.EPISODE (ID, DATE_OF_RELEASE, SERIAL_NUMBER, TITLE, SEASON_ID) 	VALUES (147, '1995-09-28', '2', '"The One with the Breast Milk"', 2)
INSERT INTO CSOPORT1.EPISODE (ID, DATE_OF_RELEASE, SERIAL_NUMBER, TITLE, SEASON_ID) 	VALUES (148, '1995-10-05', '3', '"The One Where Heckles Dies"', 2)
INSERT INTO CSOPORT1.EPISODE (ID, DATE_OF_RELEASE, SERIAL_NUMBER, TITLE, SEASON_ID) 	VALUES (149, '1995-10-12', '4', '"The One with Phoebe''s Husband"', 2)
INSERT INTO CSOPORT1.EPISODE (ID, DATE_OF_RELEASE, SERIAL_NUMBER, TITLE, SEASON_ID) VALUES (150, '1995-10-19', '5', '"The One with Five Steaks and an Eggplant"', 2)
INSERT INTO CSOPORT1.EPISODE (ID, DATE_OF_RELEASE, SERIAL_NUMBER, TITLE, SEASON_ID) 	VALUES (151, '1995-10-26', '6', '"The One with the Baby on the Bus"', 2)
INSERT INTO CSOPORT1.EPISODE (ID, DATE_OF_RELEASE, SERIAL_NUMBER, TITLE, SEASON_ID) VALUES (152, '1995-11-02', '7', '"The One Where Ross Finds Out"', 2)
INSERT INTO CSOPORT1.EPISODE (ID, DATE_OF_RELEASE, SERIAL_NUMBER, TITLE, SEASON_ID) 	VALUES (153, '1995-11-09', '8', '"The One with the List"', 2)
INSERT INTO CSOPORT1.EPISODE (ID, DATE_OF_RELEASE, SERIAL_NUMBER, TITLE, SEASON_ID) 	VALUES (154, '1995-11-16', '9', '"The One with Phoebe''s Dad"', 2)
INSERT INTO CSOPORT1.EPISODE (ID, DATE_OF_RELEASE, SERIAL_NUMBER, TITLE, SEASON_ID) 	VALUES (155, '1995-11-23', '10', '"The One with Russ"', 2)
INSERT INTO CSOPORT1.EPISODE (ID, DATE_OF_RELEASE, SERIAL_NUMBER, TITLE, SEASON_ID) 	VALUES (156, '1995-11-30', '11', '"The One with the Lesbian Wedding"', 2)
INSERT INTO CSOPORT1.EPISODE (ID, DATE_OF_RELEASE, SERIAL_NUMBER, TITLE, SEASON_ID) 	VALUES (157, '1995-12-07', '13', '"The One After the Superbowl"', 2)
INSERT INTO CSOPORT1.EPISODE (ID, DATE_OF_RELEASE, SERIAL_NUMBER, TITLE, SEASON_ID) 	VALUES (158, '1995-12-14', '14', '"The One with the Prom Video"', 2)
INSERT INTO CSOPORT1.EPISODE (ID, DATE_OF_RELEASE, SERIAL_NUMBER, TITLE, SEASON_ID) 	VALUES (159, '1995-12-21', '15', '"The One Where Ross and Rachel...You Know"', 2)
INSERT INTO CSOPORT1.EPISODE (ID, DATE_OF_RELEASE, SERIAL_NUMBER, TITLE, SEASON_ID) 	VALUES (160, '1995-12-28', '16', '"The One Where Joey Moves Out"', 2)
INSERT INTO CSOPORT1.EPISODE (ID, DATE_OF_RELEASE, SERIAL_NUMBER, TITLE, SEASON_ID) 	VALUES (161, '1996-01-04', '17', '"The One Where Eddie Moves In"', 2)
INSERT INTO CSOPORT1.EPISODE (ID, DATE_OF_RELEASE, SERIAL_NUMBER, TITLE, SEASON_ID) 	VALUES (162, '1996-01-11', '18', '"The One Where Dr. Ramoray Dies"', 2)
INSERT INTO CSOPORT1.EPISODE (ID, DATE_OF_RELEASE, SERIAL_NUMBER, TITLE, SEASON_ID) 	VALUES (163, '1996-01-18', '19', '"The One Where Eddie Won''t Go"', 2)
INSERT INTO CSOPORT1.EPISODE (ID, DATE_OF_RELEASE, SERIAL_NUMBER, TITLE, SEASON_ID) 	VALUES (164, '1996-01-25', '20', '"The One Where Old Yeller Dies"', 2)
INSERT INTO CSOPORT1.EPISODE (ID, DATE_OF_RELEASE, SERIAL_NUMBER, TITLE, SEASON_ID) 	VALUES (165, '1996-02-01', '21', '"The One with the Bullies"', 2)
INSERT INTO CSOPORT1.EPISODE (ID, DATE_OF_RELEASE, SERIAL_NUMBER, TITLE, SEASON_ID) 	VALUES (166, '1996-02-08', '22', '"The One with the Two Parties"', 2)
INSERT INTO CSOPORT1.SERIES (ID, DESCRIPTION, PATH_OF_PHOTO, TITLE, DATE_OF_RELEASE) 	VALUES (11, 'As a summer to remember begins in the Hamptons, new arrival Emily Thorne dazzles the members of high society by making herself known in the exclusive social circle of Grayson Global CEO Conrad Grayson and his socialite wife Victoria.' , '/path/resources/series/revenge.jpg', 'Revenge', '2011-09-21')
INSERT INTO CSOPORT1.ACTOR (ID, DATE_OF_BIRTH, "NAME", OFFICIAL_WEBSITE, PATH_OF_PHOTO, PLACE_OF_BIRTH, SEX) 	VALUES (11, '1958-08-18', ' Madeleine Stowe', 'http://www.imdb.com/', NULL, 'USA', 0)
INSERT INTO CSOPORT1.ACTOR (ID, DATE_OF_BIRTH, "NAME", OFFICIAL_WEBSITE, PATH_OF_PHOTO, PLACE_OF_BIRTH, SEX) 	VALUES (12, '1986-05-12', 'Emily VanCamp', 'http://www.imdb.com/', NULL, 'Canade', 0)
INSERT INTO CSOPORT1.SERIES_ACTOR (SERIES_ID, ACTOR_ID) 	VALUES (11, 11)
INSERT INTO CSOPORT1.SERIES_ACTOR (SERIES_ID, ACTOR_ID) 	VALUES (11, 12)
INSERT INTO CSOPORT1.DIRECTOR (ID, DATE_OF_BIRTH, "NAME", ORIGINAL_NAME, PATH_OF_PHOTO, SEX) 	VALUES (11, '1967-01-19', 'Mike Kelley', NULL, NULL, 1)
INSERT INTO CSOPORT1.MOVIE_DIRECTOR (MOVIE_ID, DIRECTOR_ID) 	VALUES (11, 11)
INSERT INTO CSOPORT1.SEASON (ID, DATE_OF_RELEASE, LINK_OF_PROMO_VIDEO, SERIAL_NUMBER, TITLE, SERIES_ID) 	VALUES (11, '2011-09-21', 'https://www.youtube.com/v/uE-1RPDqJAY', '1', 'Season 1', 11)
INSERT INTO CSOPORT1.EPISODE (ID, DATE_OF_RELEASE, SERIAL_NUMBER, TITLE, SEASON_ID) 	VALUES (11, '2011-09-21', '11', 'Pilot', 11)
INSERT INTO CSOPORT1.SERIES (ID, DESCRIPTION, PATH_OF_PHOTO, TITLE, DATE_OF_RELEASE) 	VALUES (31, 'While a civil war brews between several noble families in Westeros, the children of the former rulers of the land attempt to rise up to power. Meanwhile a forgotten race, bent on destruction, plans to return after thousands of years in the North.' , '/path/resources/series/gameOfThrones.jpg', 'Game of Thrones', '2011-04-17')
INSERT INTO CSOPORT1.ACTOR (ID, DATE_OF_BIRTH, "NAME", OFFICIAL_WEBSITE, PATH_OF_PHOTO, PLACE_OF_BIRTH, SEX) 	VALUES (31, '1986-10-26', 'Emilia Clarke', NULL, '/path/resources/actors/EmiliaClarke.jpg', 'England', 0)
INSERT INTO CSOPORT1.ACTOR (ID, DATE_OF_BIRTH, "NAME", OFFICIAL_WEBSITE, PATH_OF_PHOTO, PLACE_OF_BIRTH, SEX) 	VALUES (32, '1969-05-11', 'Peter Dinklage', NULL, '/path/resources/actors/PeterDinklage.jpg', 'USA', 1)
INSERT INTO CSOPORT1.ACTOR (ID, DATE_OF_BIRTH, "NAME", OFFICIAL_WEBSITE, PATH_OF_PHOTO, PLACE_OF_BIRTH, SEX) 	VALUES (33, '1986-12-26', 'Kit Harington', NULL, '/path/resources/actors/KitHarington.jpg', 'England', 1)
INSERT INTO CSOPORT1.SERIES_ACTOR (SERIES_ID, ACTOR_ID) 	VALUES (31, 31)
INSERT INTO CSOPORT1.SERIES_ACTOR (SERIES_ID, ACTOR_ID) 	VALUES (31, 32)
INSERT INTO CSOPORT1.SERIES_ACTOR (SERIES_ID, ACTOR_ID) 	VALUES (31, 33)
INSERT INTO CSOPORT1.DIRECTOR (ID, DATE_OF_BIRTH, "NAME", ORIGINAL_NAME, PATH_OF_PHOTO, SEX) 	VALUES (31, '1970-09-25', 'David Benioff', NULL, '/path/resources/directors/DavidBenioff.jpg', 1)
INSERT INTO CSOPORT1.DIRECTOR (ID, DATE_OF_BIRTH, "NAME", ORIGINAL_NAME, PATH_OF_PHOTO, SEX) 	VALUES (32, '1971-04-23', 'D.B. Weiss', NULL, '/path/resources/directors/DBWeiss.jpg', 1)
INSERT INTO CSOPORT1.MOVIE_DIRECTOR (MOVIE_ID, DIRECTOR_ID) 	VALUES (31, 31)
INSERT INTO CSOPORT1.MOVIE_DIRECTOR (MOVIE_ID, DIRECTOR_ID) 	VALUES (31, 32)
INSERT INTO CSOPORT1.SEASON (ID, DATE_OF_RELEASE, LINK_OF_PROMO_VIDEO, SERIAL_NUMBER, TITLE, SERIES_ID) 	VALUES (31, '2011-04-17', 'https://www.youtube.com/v/uE-1RPDqJAY', '1', 'Season 1', 31)
INSERT INTO CSOPORT1.SEASON (ID, DATE_OF_RELEASE, LINK_OF_PROMO_VIDEO, SERIAL_NUMBER, TITLE, SERIES_ID) 	VALUES (32, '2012-04-01', 'https://www.youtube.com/v/uE-1RPDqJAY', '2', 'Season 2', 31)
INSERT INTO CSOPORT1.SEASON (ID, DATE_OF_RELEASE, LINK_OF_PROMO_VIDEO, SERIAL_NUMBER, TITLE, SERIES_ID) 	VALUES (33, '2013-04-01', 'https://www.youtube.com/watch?v=wBtkdje5OfY', '3', 'Season 3', 31)
INSERT INTO CSOPORT1.SEASON (ID, DATE_OF_RELEASE, LINK_OF_PROMO_VIDEO, SERIAL_NUMBER, TITLE, SERIES_ID)		VALUES (34, '2014-04-07', 'https://www.youtube.com/watch?v=xZY43QSx3Fk', '4', 'Season 4', 31)
INSERT INTO CSOPORT1.SEASON (ID, DATE_OF_RELEASE, LINK_OF_PROMO_VIDEO, SERIAL_NUMBER, TITLE, SERIES_ID) 	VALUES (35, '2015-04-13', 'https://www.youtube.com/watch?v=A0pLbTXPHng', '5', 'Season 5', 31)
INSERT INTO CSOPORT1.SEASON (ID, DATE_OF_RELEASE, LINK_OF_PROMO_VIDEO, SERIAL_NUMBER, TITLE, SERIES_ID) 	VALUES (36, '2016-04-24', 'https://www.youtube.com/watch?v=EI0ib1NErqg', '6', 'season 6', 31)
INSERT INTO CSOPORT1.EPISODE (ID, DATE_OF_RELEASE, SERIAL_NUMBER, TITLE, SEASON_ID) 	VALUES (1, CURRENT_DATE, '1', '"Winter Is Coming"', 31)
INSERT INTO CSOPORT1.EPISODE (ID, DATE_OF_RELEASE, SERIAL_NUMBER, TITLE, SEASON_ID) 	VALUES (2, CURRENT_DATE, '2', '"The Kingsroad"', 31)
INSERT INTO CSOPORT1.EPISODE (ID, DATE_OF_RELEASE, SERIAL_NUMBER, TITLE, SEASON_ID) 	VALUES (3, CURRENT_DATE, '3', '"Lord Snow"', 31)
INSERT INTO CSOPORT1.EPISODE (ID, DATE_OF_RELEASE, SERIAL_NUMBER, TITLE, SEASON_ID) 	VALUES (4, CURRENT_DATE, '4', '"Cripples, Bastards, and Broken Things"', 31)
INSERT INTO CSOPORT1.EPISODE (ID, DATE_OF_RELEASE, SERIAL_NUMBER, TITLE, SEASON_ID) 	VALUES (5, CURRENT_DATE, '5', '"The Wolf and the Lion"', 31)
INSERT INTO CSOPORT1.EPISODE (ID, DATE_OF_RELEASE, SERIAL_NUMBER, TITLE, SEASON_ID) VALUES (6, CURRENT_DATE, '6', '"A Golden Crown"', 31)
INSERT INTO CSOPORT1.EPISODE (ID, DATE_OF_RELEASE, SERIAL_NUMBER, TITLE, SEASON_ID) 	VALUES (7, CURRENT_DATE, '7', '"You Win or You Die"', 31)
INSERT INTO CSOPORT1.EPISODE (ID, DATE_OF_RELEASE, SERIAL_NUMBER, TITLE, SEASON_ID) 	VALUES (8, CURRENT_DATE, '8', '"The Pointy End"', 31)
INSERT INTO CSOPORT1.EPISODE (ID, DATE_OF_RELEASE, SERIAL_NUMBER, TITLE, SEASON_ID) 	VALUES (9, CURRENT_DATE, '9', '"Baelor"', 31)
INSERT INTO CSOPORT1.EPISODE (ID, DATE_OF_RELEASE, SERIAL_NUMBER, TITLE, SEASON_ID) 	VALUES (10, CURRENT_DATE, '10', '"Fire and Blood"', 31)
INSERT INTO CSOPORT1.EPISODE (ID, DATE_OF_RELEASE, SERIAL_NUMBER, TITLE, SEASON_ID) 	VALUES (34, '2012-04-01', '34', 'The North Remembers', 32)
INSERT INTO CSOPORT1.EPISODE (ID, DATE_OF_RELEASE, SERIAL_NUMBER, TITLE, SEASON_ID) 	VALUES (35, '2012-04-08', '35', 'The Night Lands', 32)
INSERT INTO CSOPORT1.EPISODE (ID, DATE_OF_RELEASE, SERIAL_NUMBER, TITLE, SEASON_ID) 	VALUES (36, '2012-04-15', '36', 'What Is Dead May Never Die', 32)
insert into USERS (username, password, movie_per_page, path_of_photo, sex, name, date_of_birth) 	values ('andras', 'e2ef969511894001ee299bd047ee2bb1cf16cfc34e3cd83cb1520604517f3a2c', 50, 'user.jpg', 0, 'Andras Kek', '1970-12-07')
insert into USERS (username, password, movie_per_page, path_of_photo, sex, name, date_of_birth) 	values ('zita22', '81455bdc86f61e2a13259f5c88e61ff3b6a4146b1a5ca0715ae68e537cd3ecf0', 50, 'user.jpg', 1, 'Zita Nemeth', '1984-10-04')
insert into USERS (username, password, movie_per_page, path_of_photo, sex, name, date_of_birth) 	values ('plopez0', '1274b0908902332854169b19b8b7fb4c07889bd90a84d4cf2252d0478ed6ccfa', 10, 'user.jpg', 1, 'Phyllis Lopez', '1957-02-16')
insert into USERS (username, password, movie_per_page, path_of_photo, sex, name, date_of_birth) 	values ('rstephens1', '5126ef56337462cc503b1ab972212af64a415b589e48d2c428949463490dcc28', 10, 'user.jpg', 0, 'Rebecca Stephens', '2004-08-15')
insert into USERS (username, password, movie_per_page, path_of_photo, sex, name, date_of_birth) 	values ('dryan2', '765ed622e025c69aadb2ea5d7a8f807e2922dac769b53ff43fee40a1fe351cf0', 10, 'user.jpg', 0, 'Douglas Ryan', '1967-08-09')
insert into USERS (username, password, movie_per_page, path_of_photo, sex, name, date_of_birth) 	values ('jthomas3', '0619172d96cb0ae9739275aec441dfe9c2f37f99dfd8c892db6344a9b5885ad2', 10, 'user.jpg', 0, 'Joyce Thomas', '2008-08-31')
insert into USERS (username, password, movie_per_page, path_of_photo, sex, name, date_of_birth) 	values ('athomas4', '0b7e582674949f1dc8deb5f7404124ef41810421db3c8411913e2571abe0868e', 10, 'user.jpg', 1, 'Alan Thomas', '1960-09-29')
INSERT INTO CSOPORT1.USERS (USERNAME, DATE_OF_BIRTH, PASSWORD, MOVIE_PER_PAGE, "NAME", PATH_OF_PHOTO, SEX) 	VALUES ('kovi', '1990-09-05', '3b612c75a7b5048a435fb6ec81e52ff92d6d795a8b5a9c17070f6a63c97a53b2', 50, 'Kovácsvölgyi Dávid', 'user.jpg', 0)
insert into GROUPS (username, groups)	values ('kovi', 'ADMIN')
insert into GROUPS (username, groups)	values ('andras', 'ADMIN')	
insert into GROUPS (username, groups)	values ('zita22', 'USER')	
insert into GROUPS (username, groups)	values ('plopez0', 'ADMIN')
insert into GROUPS (username, groups)	values ('rstephens1', 'ADMIN')
insert into GROUPS (username, groups)	values ('dryan2', 'USER')
insert into GROUPS (username, groups)	values ('jthomas3', 'USER')
insert into GROUPS (username, groups)	values ('athomas4', 'USER')