INSERT INTO CSOPORT1.SERIES (ID, DESCRIPTION, PATH_OF_PHOTO, TITLE, DATE_OF_RELEASE) VALUES (1, 'Rachel Green, Ross Geller, Monica Geller, Joey Tribbiani, Chandler Bing and Phoebe Buffay are all friends, living off of one another in the heart of New York City.' , '/path/resources/series/friends.jpg', 'Friends', '1994-09-22')
INSERT INTO CSOPORT1.ACTOR (ID, DATE_OF_BIRTH, "NAME", OFFICIAL_WEBSITE, PATH_OF_PHOTO, PLACE_OF_BIRTH, SEX) VALUES (1, '1969-08-19', 'Matthew Perry', 'http://www.imdb.com/', '/path/resources/actors/MatthewPerry.jpg', 'USA', 1)
INSERT INTO CSOPORT1.ACTOR (ID, DATE_OF_BIRTH, "NAME", OFFICIAL_WEBSITE, PATH_OF_PHOTO, PLACE_OF_BIRTH, SEX) VALUES (2, '1967-07-25', 'Matt LeBlanc', 'http://www.imdb.com/', '/path/resources/actors/MattLeBlanc.jpg', 'USA', 1)
INSERT INTO CSOPORT1.ACTOR (ID, DATE_OF_BIRTH, "NAME", OFFICIAL_WEBSITE, PATH_OF_PHOTO, PLACE_OF_BIRTH, SEX)	VALUES (3, '1964-06-15', 'Courteney Cox', 'http://www.imdb.com/', '/path/resources/actors/CourteneyCox.jpg', 'USA', 1)
INSERT INTO CSOPORT1.ACTOR (ID, DATE_OF_BIRTH, "NAME", OFFICIAL_WEBSITE, PATH_OF_PHOTO, PLACE_OF_BIRTH, SEX) 	VALUES (4, '1963-07-30', 'Lisa Kudrow', 'http://www.imdb.com/', '/path/resources/actors/LisaKudrow.jpg', 'USA', 0)
INSERT INTO CSOPORT1.ACTOR (ID, DATE_OF_BIRTH, "NAME", OFFICIAL_WEBSITE, PATH_OF_PHOTO, PLACE_OF_BIRTH, SEX) 	VALUES (5, '1969-02-11', 'Jennifer Aniston', 'http://www.imdb.com/', '/path/resources/actors/JenniferAniston.jpg', 'USA', 0)
INSERT INTO CSOPORT1.ACTOR (ID, DATE_OF_BIRTH, "NAME", OFFICIAL_WEBSITE, PATH_OF_PHOTO, PLACE_OF_BIRTH, SEX) 	VALUES (6, '1966-11-02', 'David Schwimmer', 'http://www.imdb.com/', '/path/resources/actors/DavidSchwimmer.jpg', 'USA', 1)
INSERT INTO CSOPORT1.SERIES_ACTOR (SERIES_ID, ACTOR_ID) 	VALUES (1, 1)
INSERT INTO CSOPORT1.SERIES_ACTOR (SERIES_ID, ACTOR_ID) 	VALUES (1, 2)
INSERT INTO CSOPORT1.SERIES_ACTOR (SERIES_ID, ACTOR_ID) 	VALUES (1, 3)
INSERT INTO CSOPORT1.SERIES_ACTOR (SERIES_ID, ACTOR_ID) 	VALUES (1, 4)
INSERT INTO CSOPORT1.SERIES_ACTOR (SERIES_ID, ACTOR_ID) 	VALUES (1, 5)
INSERT INTO CSOPORT1.SERIES_ACTOR (SERIES_ID, ACTOR_ID) 	VALUES (1, 6)
INSERT INTO CSOPORT1.DIRECTOR (ID, DATE_OF_BIRTH, "NAME", ORIGINAL_NAME, PATH_OF_PHOTO, SEX) 	VALUES (1, '1957-08-13', 'David Crane', NULL, '/path/resources/directors/DavidCrane.jpg', 1)
INSERT INTO CSOPORT1.DIRECTOR (ID, DATE_OF_BIRTH, "NAME", ORIGINAL_NAME, PATH_OF_PHOTO, SEX) 	VALUES (2, '1956-09-21', 'Marta Kauffman', NULL, '/path/resources/directors/MartaKauffman.jpg', 0)
INSERT INTO CSOPORT1.MOVIE_DIRECTOR (MOVIE_ID, DIRECTOR_ID) 	VALUES (1, 1)
INSERT INTO CSOPORT1.MOVIE_DIRECTOR (MOVIE_ID, DIRECTOR_ID) 	VALUES (1, 2)
INSERT INTO CSOPORT1.SEASON (ID, DATE_OF_RELEASE, LINK_OF_PROMO_VIDEO, SERIAL_NUMBER, TITLE, SERIES_ID) 	VALUES (1, '1994-09-22', 'https://www.youtube.com/v/uE-1RPDqJAY', '1', 'Season 1', 1)
INSERT INTO CSOPORT1.SEASON (ID, DATE_OF_RELEASE, LINK_OF_PROMO_VIDEO, SERIAL_NUMBER, TITLE, SERIES_ID) 	VALUES (2, '1995-09-28', 'https://www.youtube.com/v/uE-1RPDqJAY', '2', 'Season 2', 1)
INSERT INTO CSOPORT1.EPISODE (ID, DATE_OF_RELEASE, SERIAL_NUMBER, TITLE, SEASON_ID) 	VALUES (1, '1994-09-22', '1', 'The One Where Monica Gets a Roommate', 1)
INSERT INTO CSOPORT1.EPISODE (ID, DATE_OF_RELEASE, SERIAL_NUMBER, TITLE, SEASON_ID) 	VALUES (2, '1994-09-29', '2', 'The One with the Sonogram at the End', 1)
INSERT INTO CSOPORT1.EPISODE (ID, DATE_OF_RELEASE, SERIAL_NUMBER, TITLE, SEASON_ID) 	VALUES (3, '1994-10-06', '3', 'The One with the Thumb', 1)
INSERT INTO CSOPORT1.EPISODE (ID, DATE_OF_RELEASE, SERIAL_NUMBER, TITLE, SEASON_ID) 	VALUES (4, '1995-09-21', '4', 'The One with Ross''s New Girlfriend', 2)
INSERT INTO CSOPORT1.EPISODE (ID, DATE_OF_RELEASE, SERIAL_NUMBER, TITLE, SEASON_ID) 	VALUES (5, '1995-09-28', '5', 'The One with the Breast Milk', 2)
INSERT INTO CSOPORT1.EPISODE (ID, DATE_OF_RELEASE, SERIAL_NUMBER, TITLE, SEASON_ID) 	VALUES (6, '1995-10-05', '6', 'The One Where Heckles Dies', 2)
INSERT INTO CSOPORT1.SERIES (ID, DESCRIPTION, PATH_OF_PHOTO, TITLE, DATE_OF_RELEASE) 	VALUES (11, 'As a summer to remember begins in the Hamptons, new arrival Emily Thorne dazzles the members of high society by making herself known in the exclusive social circle of Grayson Global CEO Conrad Grayson and his socialite wife Victoria.' , '/path/resources/series/revenge.jpg', 'Revenge', '2011-09-21')
INSERT INTO CSOPORT1.ACTOR (ID, DATE_OF_BIRTH, "NAME", OFFICIAL_WEBSITE, PATH_OF_PHOTO, PLACE_OF_BIRTH, SEX) 	VALUES (11, '1958-08-18', ' Madeleine Stowe', 'http://www.imdb.com/', NULL, 'USA', 0)
INSERT INTO CSOPORT1.ACTOR (ID, DATE_OF_BIRTH, "NAME", OFFICIAL_WEBSITE, PATH_OF_PHOTO, PLACE_OF_BIRTH, SEX) 	VALUES (12, '1986-05-12', 'Emily VanCamp', 'http://www.imdb.com/', NULL, 'Canade', 0)
INSERT INTO CSOPORT1.SERIES_ACTOR (SERIES_ID, ACTOR_ID) 	VALUES (11, 11)
INSERT INTO CSOPORT1.SERIES_ACTOR (SERIES_ID, ACTOR_ID) 	VALUES (11, 12)
INSERT INTO CSOPORT1.DIRECTOR (ID, DATE_OF_BIRTH, "NAME", ORIGINAL_NAME, PATH_OF_PHOTO, SEX) 	VALUES (11, '1967-01-19', 'Mike Kelley', NULL, NULL, 1)
INSERT INTO CSOPORT1.MOVIE_DIRECTOR (MOVIE_ID, DIRECTOR_ID) 	VALUES (11, 11)
INSERT INTO CSOPORT1.SEASON (ID, DATE_OF_RELEASE, LINK_OF_PROMO_VIDEO, SERIAL_NUMBER, TITLE, SERIES_ID) 	VALUES (11, '2011-09-21', 'https://www.youtube.com/v/uE-1RPDqJAY', '1', 'Season 1', 11)
INSERT INTO CSOPORT1.EPISODE (ID, DATE_OF_RELEASE, SERIAL_NUMBER, TITLE, SEASON_ID) 	VALUES (11, '2011-09-21', '11', 'Pilot', 11)
INSERT INTO CSOPORT1.SERIES (ID, DESCRIPTION, PATH_OF_PHOTO, TITLE, DATE_OF_RELEASE) 	VALUES (31, 'While a civil war brews between several noble families in Westeros, the children of the former rulers of the land attempt to rise up to power. Meanwhile a forgotten race, bent on destruction, plans to return after thousands of years in the North.' , '/path/resources/series/gameOfThrones.jpg', 'Game of Thrones', '2011-04-17')
INSERT INTO CSOPORT1.ACTOR (ID, DATE_OF_BIRTH, "NAME", OFFICIAL_WEBSITE, PATH_OF_PHOTO, PLACE_OF_BIRTH, SEX) 	VALUES (31, '1986-10-26', 'Emilia Clarke', NULL, '/path/resources/actors/EmiliaClarke.jpg', 'England', 0)
INSERT INTO CSOPORT1.ACTOR (ID, DATE_OF_BIRTH, "NAME", OFFICIAL_WEBSITE, PATH_OF_PHOTO, PLACE_OF_BIRTH, SEX) 	VALUES (32, '1969-05-11', 'Peter Dinklage', NULL, '/path/resources/actors/PeterDinklage.jpg', 'USA', 1)
INSERT INTO CSOPORT1.ACTOR (ID, DATE_OF_BIRTH, "NAME", OFFICIAL_WEBSITE, PATH_OF_PHOTO, PLACE_OF_BIRTH, SEX) 	VALUES (33, '1986-12-26', 'Kit Harington', NULL, '/path/resources/actors/KitHarington.jpg', 'England', 1)
INSERT INTO CSOPORT1.SERIES_ACTOR (SERIES_ID, ACTOR_ID) 	VALUES (31, 31)
INSERT INTO CSOPORT1.SERIES_ACTOR (SERIES_ID, ACTOR_ID) 	VALUES (31, 32)
INSERT INTO CSOPORT1.SERIES_ACTOR (SERIES_ID, ACTOR_ID) 	VALUES (31, 33)
INSERT INTO CSOPORT1.DIRECTOR (ID, DATE_OF_BIRTH, "NAME", ORIGINAL_NAME, PATH_OF_PHOTO, SEX) 	VALUES (31, '1970-09-25', 'David Benioff', NULL, '/path/resources/directors/DavidBenioff.jpg', 1)
INSERT INTO CSOPORT1.DIRECTOR (ID, DATE_OF_BIRTH, "NAME", ORIGINAL_NAME, PATH_OF_PHOTO, SEX) 	VALUES (32, '1971-04-23', 'D.B. Weiss', NULL, '/path/resources/directors/DBWeiss.jpg', 1)
INSERT INTO CSOPORT1.MOVIE_DIRECTOR (MOVIE_ID, DIRECTOR_ID) 	VALUES (31, 31)
INSERT INTO CSOPORT1.MOVIE_DIRECTOR (MOVIE_ID, DIRECTOR_ID) 	VALUES (31, 32)
INSERT INTO CSOPORT1.SEASON (ID, DATE_OF_RELEASE, LINK_OF_PROMO_VIDEO, SERIAL_NUMBER, TITLE, SERIES_ID) 	VALUES (31, '2011-04-17', 'https://www.youtube.com/v/uE-1RPDqJAY', '1', 'Season 1', 31)
INSERT INTO CSOPORT1.SEASON (ID, DATE_OF_RELEASE, LINK_OF_PROMO_VIDEO, SERIAL_NUMBER, TITLE, SERIES_ID) 	VALUES (32, '2012-04-01', 'https://www.youtube.com/v/uE-1RPDqJAY', '2', 'Season 2', 31)
INSERT INTO CSOPORT1.EPISODE (ID, DATE_OF_RELEASE, SERIAL_NUMBER, TITLE, SEASON_ID) 	VALUES (31, '2011-04-17', '31', 'Winter Is Coming', 31)
INSERT INTO CSOPORT1.EPISODE (ID, DATE_OF_RELEASE, SERIAL_NUMBER, TITLE, SEASON_ID) 	VALUES (32, '2011-04-24', '32', 'The Kingsroad', 31)
INSERT INTO CSOPORT1.EPISODE (ID, DATE_OF_RELEASE, SERIAL_NUMBER, TITLE, SEASON_ID) 	VALUES (33, '2011-05-01', '33', 'Lord Snow', 31)
INSERT INTO CSOPORT1.EPISODE (ID, DATE_OF_RELEASE, SERIAL_NUMBER, TITLE, SEASON_ID) 	VALUES (34, '2012-04-01', '34', 'The North Remembers', 2)
INSERT INTO CSOPORT1.EPISODE (ID, DATE_OF_RELEASE, SERIAL_NUMBER, TITLE, SEASON_ID) 	VALUES (35, '2012-04-08', '35', 'The Night Lands', 2)
INSERT INTO CSOPORT1.EPISODE (ID, DATE_OF_RELEASE, SERIAL_NUMBER, TITLE, SEASON_ID) 	VALUES (36, '2012-04-15', '36', 'What Is Dead May Never Die', 2)
insert into USERS (username, password, movie_per_page, path_of_photo, sex, name, date_of_birth) 	values ('andras', 'e2ef969511894001ee299bd047ee2bb1cf16cfc34e3cd83cb1520604517f3a2c', 50, 'user.jpg', 0, 'Andras Kek', '1970-12-07')
insert into USERS (username, password, movie_per_page, path_of_photo, sex, name, date_of_birth) 	values ('zita22', '81455bdc86f61e2a13259f5c88e61ff3b6a4146b1a5ca0715ae68e537cd3ecf0', 50, 'user.jpg', 1, 'Zita Nemeth', '1984-10-04')
insert into USERS (username, password, movie_per_page, path_of_photo, sex, name, date_of_birth) 	values ('plopez0', '1274b0908902332854169b19b8b7fb4c07889bd90a84d4cf2252d0478ed6ccfa', 10, 'user.jpg', 1, 'Phyllis Lopez', '1957-02-16')
insert into USERS (username, password, movie_per_page, path_of_photo, sex, name, date_of_birth) 	values ('rstephens1', '5126ef56337462cc503b1ab972212af64a415b589e48d2c428949463490dcc28', 10, 'user.jpg', 0, 'Rebecca Stephens', '2004-08-15')
insert into USERS (username, password, movie_per_page, path_of_photo, sex, name, date_of_birth) 	values ('dryan2', '765ed622e025c69aadb2ea5d7a8f807e2922dac769b53ff43fee40a1fe351cf0', 10, 'user.jpg', 0, 'Douglas Ryan', '1967-08-09')
insert into USERS (username, password, movie_per_page, path_of_photo, sex, name, date_of_birth) 	values ('jthomas3', '0619172d96cb0ae9739275aec441dfe9c2f37f99dfd8c892db6344a9b5885ad2', 10, 'user.jpg', 0, 'Joyce Thomas', '2008-08-31')
insert into USERS (username, password, movie_per_page, path_of_photo, sex, name, date_of_birth) 	values ('athomas4', '0b7e582674949f1dc8deb5f7404124ef41810421db3c8411913e2571abe0868e', 10, 'user.jpg', 1, 'Alan Thomas', '1960-09-29')
INSERT INTO CSOPORT1.USERS (USERNAME, DATE_OF_BIRTH, PASSWORD, MOVIE_PER_PAGE, "NAME", PATH_OF_PHOTO, SEX) 	VALUES ('kovi', '1990-09-05', '3b612c75a7b5048a435fb6ec81e52ff92d6d795a8b5a9c17070f6a63c97a53b2', 50, 'Kovácsvölgyi Dávid', 'user.jpg', 0)
insert into GROUPS (username, groups)	values ('kovi', 'ADMIN')
insert into GROUPS (username, groups)	values ('andras', 'ADMIN')	
insert into GROUPS (username, groups)	values ('zita22', 'USER')	
insert into GROUPS (username, groups)	values ('plopez0', 'ADMIN')
insert into GROUPS (username, groups)	values ('rstephens1', 'ADMIN')
insert into GROUPS (username, groups)	values ('dryan2', 'USER')
insert into GROUPS (username, groups)	values ('jthomas3', 'USER')
insert into GROUPS (username, groups)	values ('athomas4', 'USER')